"First Name","Last Name","Gender","Age","Email"
"Alford","Douglas","Male","27","a.douglas@randatmail.com"
"Brooke","Myers","Female","27","b.myers@randatmail.com"
"Kimberly","Hill","Female","28","k.hill@randatmail.com"
"Carl","Allen","Male","22","c.allen@randatmail.com"
"Brad","Reed","Male","23","b.reed@randatmail.com"
"Olivia","Anderson","Female","30","o.anderson@randatmail.com"
"James","Hawkins","Male","30","j.hawkins@randatmail.com"
"Wilson","Parker","Male","21","w.parker@randatmail.com"
"Wilson","Johnson","Male","28","w.johnson@randatmail.com"
"Audrey","Casey","Female","28","a.casey@randatmail.com"
"Eric","Cunningham","Male","19","e.cunningham@randatmail.com"
"Maximilian","Brooks","Male","18","m.brooks@randatmail.com"
"William","Hill","Male","27","w.hill@randatmail.com"
"Alan","Myers","Male","23","a.myers@randatmail.com"
"Daniel","Andrews","Male","22","d.andrews@randatmail.com"
"Jordan","Payne","Male","21","j.payne@randatmail.com"
"Lily","Cole","Female","25","l.cole@randatmail.com"
"Tony","Douglas","Male","26","t.douglas@randatmail.com"
"Sam","Rogers","Male","25","s.rogers@randatmail.com"
"Ryan","Taylor","Male","29","r.taylor@randatmail.com"
"Rebecca","Ross","Female","20","r.ross@randatmail.com"
"Maddie","Hawkins","Female","22","m.hawkins@randatmail.com"
"Olivia","Cooper","Female","27","o.cooper@randatmail.com"
"Daisy","Elliott","Female","23","d.elliott@randatmail.com"
"Freddie","Johnston","Male","20","f.johnston@randatmail.com"
"Derek","Perry","Male","29","d.perry@randatmail.com"
"Maximilian","Johnson","Male","28","m.johnson@randatmail.com"
"Sabrina","Lloyd","Female","30","s.lloyd@randatmail.com"
"Lucy","Murphy","Female","26","l.murphy@randatmail.com"
"Dale","Barnes","Male","26","d.barnes@randatmail.com"
"Richard","Lloyd","Male","27","r.lloyd@randatmail.com"
"Abraham","Hall","Male","23","a.hall@randatmail.com"
"Lydia","Adams","Female","22","l.adams@randatmail.com"
"Steven","Davis","Male","25","s.davis@randatmail.com"
"Amber","Tucker","Female","27","a.tucker@randatmail.com"
"Paul","Sullivan","Male","27","p.sullivan@randatmail.com"
"Daisy","Alexander","Female","24","d.alexander@randatmail.com"
"Evelyn","Hawkins","Female","27","e.hawkins@randatmail.com"
"Ned","Thompson","Male","18","n.thompson@randatmail.com"
"Florrie","Gray","Female","22","f.gray@randatmail.com"
"Miley","Cunningham","Female","25","m.cunningham@randatmail.com"
"Ryan","Rogers","Male","20","r.rogers@randatmail.com"
"Agata","Murphy","Female","23","a.murphy@randatmail.com"
"Catherine","Payne","Female","21","c.payne@randatmail.com"
"Dominik","Harris","Male","26","d.harris@randatmail.com"
"Alfred","Grant","Male","27","a.grant@randatmail.com"
"Abraham","Perry","Male","25","a.perry@randatmail.com"
"Charlotte","Watson","Female","20","c.watson@randatmail.com"
"Annabella","Brooks","Female","22","a.brooks@randatmail.com"
"Rubie","Phillips","Female","19","r.phillips@randatmail.com"
"Ashton","Harris","Male","19","a.harris@randatmail.com"
"Martin","Adams","Male","24","m.adams@randatmail.com"
"Tyler","Walker","Male","24","t.walker@randatmail.com"
"Amelia","Gibson","Female","29","a.gibson@randatmail.com"
"Elian","Payne","Male","30","e.payne@randatmail.com"
"Kirsten","Campbell","Female","27","k.campbell@randatmail.com"
"Amber","Carter","Female","27","a.carter@randatmail.com"
"Emily","Thompson","Female","28","e.thompson@randatmail.com"
"George","Casey","Male","26","g.casey@randatmail.com"
"Violet","Moore","Female","23","v.moore@randatmail.com"
"Sam","Hill","Male","23","s.hill@randatmail.com"
"Daniel","Jones","Male","23","d.jones@randatmail.com"
"Lilianna","Morgan","Female","28","l.morgan@randatmail.com"
"Natalie","Perkins","Female","27","n.perkins@randatmail.com"
"Penelope","Andrews","Female","30","p.andrews@randatmail.com"
"Alina","Hall","Female","25","a.hall@randatmail.com"
"Tiana","Russell","Female","24","t.russell@randatmail.com"
"Vivian","Owens","Female","23","v.owens@randatmail.com"
"Blake","Clark","Male","21","b.clark@randatmail.com"
"Sarah","Richardson","Female","25","s.richardson@randatmail.com"
"Blake","Turner","Male","28","b.turner@randatmail.com"
"Mary","Chapman","Female","28","m.chapman@randatmail.com"
"Maya","Henderson","Female","27","m.henderson@randatmail.com"
"Eleanor","Thomas","Female","20","e.thomas@randatmail.com"
"Julia","Perry","Female","19","j.perry@randatmail.com"
"Daisy","Montgomery","Female","22","d.montgomery@randatmail.com"
"Emma","Phillips","Female","30","e.phillips@randatmail.com"
"Leonardo","Morrison","Male","26","l.morrison@randatmail.com"
"Edgar","Adams","Male","24","e.adams@randatmail.com"
"Rafael","Hill","Male","21","r.hill@randatmail.com"
"John","Owens","Male","28","j.owens@randatmail.com"
"Charlie","Martin","Male","26","c.martin@randatmail.com"
"Tyler","Stevens","Male","28","t.stevens@randatmail.com"
"Lucy","Cunningham","Female","21","l.cunningham@randatmail.com"
"Catherine","Robinson","Female","24","c.robinson@randatmail.com"
"Victoria","Rogers","Female","28","v.rogers@randatmail.com"
"Sawyer","Phillips","Male","18","s.phillips@randatmail.com"
"Paul","Warren","Male","21","p.warren@randatmail.com"
"Miranda","Parker","Female","25","m.parker@randatmail.com"
"Byron","Harper","Male","26","b.harper@randatmail.com"
"Ellia","Riley","Female","26","e.riley@randatmail.com"
"Carlos","Mason","Male","30","c.mason@randatmail.com"
"Kate","Thomas","Female","18","k.thomas@randatmail.com"
"Charlie","Stevens","Male","23","c.stevens@randatmail.com"
"Tess","Hill","Female","27","t.hill@randatmail.com"
"Dominik","Anderson","Male","30","d.anderson@randatmail.com"
"Tess","Adams","Female","18","t.adams@randatmail.com"
"Michelle","Allen","Female","21","m.allen@randatmail.com"
"Kelsey","Nelson","Female","23","k.nelson@randatmail.com"
"Michelle","Murphy","Female","21","m.murphy@randatmail.com"
"Naomi","Mason","Female","28","n.mason@randatmail.com"
"Stella","Henderson","Female","20","s.henderson@randatmail.com"
"Vincent","Gibson","Male","19","v.gibson@randatmail.com"
"Eleanor","Perkins","Female","24","e.perkins@randatmail.com"
"James","Robinson","Male","23","j.robinson@randatmail.com"
"Clark","Morris","Male","20","c.morris@randatmail.com"
"Kelsey","Owens","Female","29","k.owens@randatmail.com"
"Lana","Ferguson","Female","22","l.ferguson@randatmail.com"
"Miranda","Grant","Female","29","m.grant@randatmail.com"
"Maddie","Parker","Female","22","m.parker@randatmail.com"
"Arnold","Cunningham","Male","26","a.cunningham@randatmail.com"
"Charlie","Phillips","Male","26","c.phillips@randatmail.com"
"David","Watson","Male","18","d.watson@randatmail.com"
"Alexia","Roberts","Female","24","a.roberts@randatmail.com"
"Michael","Armstrong","Male","30","m.armstrong@randatmail.com"
"Savana","Nelson","Female","24","s.nelson@randatmail.com"
"Camila","Johnston","Female","21","c.johnston@randatmail.com"
"Martin","Mitchell","Male","30","m.mitchell@randatmail.com"
"Chelsea","Anderson","Female","27","c.anderson@randatmail.com"
"Stella","Rogers","Female","29","s.rogers@randatmail.com"
"Jared","Lloyd","Male","26","j.lloyd@randatmail.com"
"Brad","Tucker","Male","23","b.tucker@randatmail.com"
"Adam","Henderson","Male","29","a.henderson@randatmail.com"
"Garry","Johnson","Male","26","g.johnson@randatmail.com"
"Kelvin","Harper","Male","29","k.harper@randatmail.com"
"Adele","Gray","Female","25","a.gray@randatmail.com"
"Audrey","Clark","Female","26","a.clark@randatmail.com"
"Kelsey","Murray","Female","29","k.murray@randatmail.com"
"Camila","Morris","Female","29","c.morris@randatmail.com"
"Max","Johnston","Male","19","m.johnston@randatmail.com"
"Camila","Wilson","Female","20","c.wilson@randatmail.com"
"Nicole","Barrett","Female","27","n.barrett@randatmail.com"
"Daryl","Hall","Male","22","d.hall@randatmail.com"
"Antony","Bennett","Male","21","a.bennett@randatmail.com"
"Elise","Gray","Female","21","e.gray@randatmail.com"
"Natalie","Crawford","Female","27","n.crawford@randatmail.com"
"Ellia","Murray","Female","24","e.murray@randatmail.com"
"Sarah","Adams","Female","19","s.adams@randatmail.com"
"Eddy","Barrett","Male","18","e.barrett@randatmail.com"
"Sam","Carter","Male","22","s.carter@randatmail.com"
"Bruce","Alexander","Male","24","b.alexander@randatmail.com"
"Alexia","Perkins","Female","26","a.perkins@randatmail.com"
"Rubie","Stewart","Female","18","r.stewart@randatmail.com"
"Brad","Gibson","Male","24","b.gibson@randatmail.com"
"Edith","Walker","Female","19","e.walker@randatmail.com"
"Miller","Hunt","Male","30","m.hunt@randatmail.com"
"Myra","Hill","Female","30","m.hill@randatmail.com"
"Sophia","Clark","Female","23","s.clark@randatmail.com"
"Savana","Russell","Female","30","s.russell@randatmail.com"
"Arnold","Adams","Male","27","a.adams@randatmail.com"
"Lucia","Carter","Female","21","l.carter@randatmail.com"
"Patrick","Ross","Male","25","p.ross@randatmail.com"
"Brianna","Morrison","Female","19","b.morrison@randatmail.com"
"Evelyn","Myers","Female","19","e.myers@randatmail.com"
"Roman","Carroll","Male","20","r.carroll@randatmail.com"
"Adison","Foster","Male","18","a.foster@randatmail.com"
"Victoria","Sullivan","Female","27","v.sullivan@randatmail.com"
"Derek","Ryan","Male","29","d.ryan@randatmail.com"
"Emily","Andrews","Female","29","e.andrews@randatmail.com"
"Leonardo","Harrison","Male","25","l.harrison@randatmail.com"
"Roman","Davis","Male","30","r.davis@randatmail.com"
"Lilianna","Henderson","Female","19","l.henderson@randatmail.com"
"Adelaide","Higgins","Female","22","a.higgins@randatmail.com"
"Alexia","Hill","Female","21","a.hill@randatmail.com"
"Kirsten","Morrison","Female","22","k.morrison@randatmail.com"
"Leonardo","Cameron","Male","25","l.cameron@randatmail.com"
"Kate","Edwards","Female","18","k.edwards@randatmail.com"
"Preston","Sullivan","Male","28","p.sullivan@randatmail.com"
"Jared","Craig","Male","26","j.craig@randatmail.com"
"Maximilian","Lloyd","Male","18","m.lloyd@randatmail.com"
"Sawyer","Warren","Male","20","s.warren@randatmail.com"
"Mary","Phillips","Female","19","m.phillips@randatmail.com"
"Belinda","Wright","Female","27","b.wright@randatmail.com"
"Hailey","Clark","Female","20","h.clark@randatmail.com"
"Melanie","Richardson","Female","25","m.richardson@randatmail.com"
"Amanda","Harrison","Female","29","a.harrison@randatmail.com"
"Brooke","Edwards","Female","19","b.edwards@randatmail.com"
"Sabrina","Evans","Female","25","s.evans@randatmail.com"
"Roman","Anderson","Male","21","r.anderson@randatmail.com"
"Darcy","Perkins","Female","18","d.perkins@randatmail.com"
"Adison","Taylor","Male","22","a.taylor@randatmail.com"
"Alfred","Ryan","Male","25","a.ryan@randatmail.com"
"Caroline","Johnson","Female","26","c.johnson@randatmail.com"
"Harold","Hill","Male","24","h.hill@randatmail.com"
"Kelvin","Stevens","Male","27","k.stevens@randatmail.com"
"Garry","Richards","Male","29","g.richards@randatmail.com"
"Tyler","Andrews","Male","24","t.andrews@randatmail.com"
"Andrew","Warren","Male","23","a.warren@randatmail.com"
"Patrick","Brooks","Male","27","p.brooks@randatmail.com"
"Lenny","Reed","Male","23","l.reed@randatmail.com"
"Alissa","Kelley","Female","18","a.kelley@randatmail.com"
"Hailey","Allen","Female","27","h.allen@randatmail.com"
"Rubie","Miller","Female","24","r.miller@randatmail.com"
"Tess","Cameron","Female","22","t.cameron@randatmail.com"
"Mike","Ferguson","Male","18","m.ferguson@randatmail.com"
"Olivia","Thomas","Female","28","o.thomas@randatmail.com"
"Melissa","Morris","Female","29","m.morris@randatmail.com"
"Aida","Martin","Female","18","a.martin@randatmail.com"
"Frederick","Jones","Male","26","f.jones@randatmail.com"
"Ryan","Lloyd","Male","25","r.lloyd@randatmail.com"
